Factor,Resonance_Hz,PeakRatio,MovingCostRatio,FixedCostRatio,TransientRatio,DCGainRatio
1,5.69013197069411,1,1,1,1,1
1.02920052719443,5.68989537351595,0.990560477474967,0.994929738620815,0.99489987986473,0.999544968376783,1
1.05925372517729,5.68969689093786,0.981031347228568,0.989762102554397,0.989707274544784,0.999076953243277,0.999999999999999
1.09018449238513,5.68945614491536,0.971415352944577,0.984506733057192,0.984421715849297,0.998595593229179,1
1.12201845430196,5.68920616070128,0.961715359442128,0.979159041895444,0.979042788512668,0.998100517442492,1
1.15478198468946,5.68894652547723,0.951934356799755,0.973718708595041,0.97357013247677,0.997591345250955,0.999999999999999
1.18850222743702,5.68867680537157,0.942075454873442,0.96818547170936,0.968003445176941,0.997067686060091,0.999999999999999
1.22320711904993,5.68839654429365,0.932141880369485,0.962559131155047,0.962342483828007,0.996529139088715,0.999999999999999
1.25892541179417,5.68810526270052,0.922136973576276,0.95683955054422,0.956587067706451,0.995975293140567,1
1.29568669751702,5.68780245629185,0.912064184758792,0.951026659508966,0.950737080424735,0.995405726374577,0.999999999999999
1.33352143216332,5.68748759462868,0.901927070221179,0.945120456013848,0.944792472193676,0.994820006071278,0.999999999999999
1.37246096100756,5.68716011967138,0.891729288044521,0.939121008652029,0.938753262068634,0.994217688397762,1
1.41253754462275,5.68681944423189,0.881474593508543,0.933028458920462,0.932619540175192,0.993598318169556,1
1.45378438560766,5.68646495033476,0.871166834207635,0.926843023469496,0.926391469909869,0.99296142861111,0.999999999999999
1.49623565609443,5.68609598748142,0.860809944873255,0.920564996322082,0.920069290111281,0.992306541113543,1
1.53992652605949,5.68571187081165,0.850407941916325,0.914194751057618,0.913653317197046,0.991633164991875,0.999999999999999
1.58489319246111,5.68531187915574,0.83996491770482,0.907732742955341,0.907143947261596,0.99094079723932,1
1.63117290922784,5.68489525297036,0.829485034593205,0.901179511091996,0.900541658129901,0.990241521536674,1
1.67880401812256,5.68446119215088,0.818972518721789,0.894535680388331,0.893847011361967,0.98952677248505,1
1.72782598050786,5.68400885371222,0.80843165360543,0.887801963598827,0.887060654202795,0.988791908371249,1
1.77827941003892,5.68353734932967,0.797866773532175,0.880979163238825,0.880183321472302,0.988036385680462,0.999999999999999
1.83020610631106,5.68304574273076,0.787282256793622,0.874068173443032,0.873215837389526,0.987259647542184,0.999999999999999
1.8836490894898,5.68253304692847,0.776682518769716,0.867069981749175,0.866159117325186,0.986461123482175,0.999999999999999
1.93865263595221,5.68199822128541,0.766072004891624,0.859985670800308,0.859014169476483,0.985640229173711,0.999999999999999
1.99526231496888,5.68143733272783,0.75545518335436,0.852816737073869,0.851782096457717,0.984796366191899,1
2.05352502645715,5.68085017817222,0.744836538292057,0.845564344808639,0.844464096800078,0.983928921767013,1
2.11348903983665,5.6802377964492,0.734220562412888,0.838229617243388,0.837061466353634,0.983037268541583,1
2.17520403401952,5.67959891398335,0.723611749462797,0.830814031665226,0.829575599584256,0.982120764328762,1
2.23872113856834,5.67893218631317,0.713014587069572,0.823319167577166,0.822007990757861,0.981178751873589,1
2.30409297605585,5.67823619391339,0.702433549503708,0.81574670776535,0.814360235004035,0.980210558618317,1
2.37137370566166,5.6775094377544,0.691873090495153,0.808098439231766,0.806634029250713,0.979215496472234,1
2.44061906804198,5.67675033458106,0.681337636131246,0.800376253983543,0.798831173021226,0.978192861584663,1
2.51188643150958,5.67595721189102,0.670831577860696,0.792582149669628,0.790953569084649,0.977141934124879,0.999999999999999
2.58523483956219,5.67512830259172,0.660359265627801,0.78471823005532,0.783003223950001,0.976061978068314,0.999999999999999
2.66072505979881,5.67426173931341,0.649925001160402,0.776786705324793,0.774982248194453,0.974952240989238,0.999999999999999
2.73841963426436,5.67335844793103,0.639533031180044,0.768789600333076,0.766892856615358,0.973811953861678,0.999999999999999
2.81838293126445,5.67239580719662,0.629187543186931,0.760731391124868,0.758737368195553,0.972640330869104,0.999999999999999
2.90068119869315,5.67139063492453,0.618892654242987,0.752612673671975,0.750518205871074,0.971436569224259,0.999999999999999
2.98538261891796,5.67034063575723,0.608652410341874,0.74443608335936,0.742237896090145,0.970212373609784,0.999999999999999
3.07255736526745,5.66924022610846,0.598470778361704,0.736204662674796,0.733899068152087,0.968954740102781,0.999999999999999
3.16227766016838,5.66809630013442,0.588351641922247,0.727920351160913,0.72550445331462,0.967660803565942,1
3.25461783498046,5.66689667272571,0.578298793961216,0.719587002444307,0.717056883657977,0.96632983712122,0.999999999999999
3.34965439157828,5.66564161847727,0.568315934365206,0.711207364576187,0.70855929069424,0.964961091605694,0.999999999999999
3.44746606573149,5.66431860836632,0.558406664174138,0.702785442846496,0.700014703710457,0.963553794676977,0.999999999999999
3.54813389233575,5.6629330169604,0.548574482512236,0.69432368028782,0.691426247834336,0.962107150029736,1
3.65174127254838,5.66148348395484,0.538822782023558,0.685825235912381,0.682797141811703,0.96062033673229,1
3.75837404288444,5.65996640846655,0.529154845362785,0.677293548898923,0.674130695485476,0.959092508692376,0.999999999999999
3.86812054633052,5.65837797428665,0.519573842159044,0.668732148933269,0.66543030696661,0.957522794255361,0.999999999999999
3.98107170553497,5.65670903005256,0.51008282649983,0.660145075844258,0.656699459488372,0.955910295940045,0.999999999999999
4.09732109813542,5.65493931533394,0.500684734814425,0.651537303886638,0.647941717936428,0.954254090313708,0.999999999999999
4.21696503428582,5.6530883702754,0.491382382452292,0.642910594436267,0.639160725048484,0.95255322800166,0.999999999999999
4.34010263644744,5.65115141339684,0.482178463752754,0.634268813797858,0.630360197278808,0.950806733835718,0.999999999999999
4.46683592150963,5.64912328454686,0.47307554932999,0.62561590674622,0.621543920324634,0.949013607128511,0.999999999999999
4.59726988530872,5.64698071515935,0.464076085102762,0.616957214094959,0.612715744313451,0.94717282207533,0.999999999999999
4.73151258961481,5.64473806705563,0.455182392776975,0.60829524646575,0.60387957865233,0.945283328269404,0.999999999999999
4.86967525165863,5.64238929500459,0.446396668073057,0.599634135685732,0.595039386542835,0.94334405132642,1
5.01187233627272,5.63991320622626,0.437720981247526,0.590979093029392,0.586199179167617,0.941353893604842,0.999999999999999
5.15822165072306,5.63729482193611,0.42915727757232,0.582334823689512,0.577363009557568,0.939311735015355,0.999999999999999
5.30884444230988,5.63455463656343,0.420707377763392,0.573703638982338,0.568534966151285,0.937216433908264,0.999999999999999
5.46386549881854,5.63167423481973,0.412372978629376,0.565090551268311,0.559719166061633,0.935094786199673,1
5.62341325190349,5.62864321621929,0.404155654377845,0.556499990584886,0.550919748067302,0.932940708355704,1
5.78761988349121,5.6254690282463,0.396056858153738,0.547935271294072,0.542140865350428,0.930731077806225,0.999999999999999
5.95662143529011,5.62210253250617,0.388077923473272,0.539403144134643,0.533386678004474,0.928464685726106,1
6.13055792149821,5.61856638596006,0.380220066366611,0.530905930921855,0.524661345339735,0.926140306852837,1
6.30957344480193,5.61484813845149,0.372484387609569,0.522448094897952,0.515969018016825,0.923756700558887,0.999999999999999
6.49381631576211,5.61093904322256,0.364871874893577,0.514033837975058,0.507313830041366,0.921312611952192,1
6.68343917568615,5.60681806731639,0.357383405425778,0.505667961207858,0.498699890655794,0.918806773005238,1
6.87859912308808,5.60246500550675,0.350019748940709,0.497355093721304,0.490131276166584,0.916237903712371,1
7.07945784384138,5.59788687060241,0.342781570725135,0.48909841603892,0.481612021747269,0.913604713282211,1
7.28618174513228,5.59307941071311,0.335669434535897,0.480901694682745,0.473146113259389,0.910905901363577,0.999999999999999
7.49894209332456,5.58797697608492,0.328683805960583,0.47277144177311,0.464737479134763,0.908140159314926,1
7.71791515585012,5.5826147613716,0.321825056207581,0.464709347048465,0.456389982363376,0.905306171520966,0.999999999999999
7.94328234724282,5.57697517346017,0.315093465412656,0.456719542727041,0.448107412631505,0.902402616765818,1
8.1752303794365,5.57099122105282,0.308489226482951,0.448808020399413,0.439893478654561,0.899428169665392,1
8.41395141645195,5.56469553409214,0.302012449173452,0.440976496226692,0.431751800748462,0.896381502172568,1
8.65964323360066,5.5580557644893,0.295663163883349,0.433229289435158,0.42368590368211,0.893261285158784,1
8.91250938133746,5.55103414141359,0.289441325818786,0.425570696929013,0.415699209851789,0.890066190080605,1
9.1727593538978,5.54363860346767,0.28334681946005,0.418003230647312,0.407795032816052,0.886794890739078,1
9.44060876285924,5.53579792187941,0.277379462658626,0.410531998378885,0.399976571226869,0.883460108925509,0.999999999999999
9.71627951577107,5.52753683166046,0.271539011321394,0.403158722854727,0.392246903189605,0.880111157165226,1
10,5.51877812066702,0.265825163916779,0.395888261569935,0.384608981080755,0.876683376880887,1
10.2920052719443,5.50953417678572,0.26023756634925,0.388722526990505,0.377065626848354,0.873175461786215,1
10.5925372517729,5.49975272801718,0.254775816706684,0.38166522444816,0.369619527815728,0.869586116088012,1
10.9018449238513,5.48940217445165,0.249439470463396,0.374719260990803,0.362273233004674,0.865914056799319,0.999999999999999
11.2201845430196,5.47844614929738,0.244228045687586,0.367887506272894,0.355029149989542,0.862158016180352,0.999999999999999
11.5478198468946,5.46684400858208,0.239141028536782,0.361172762470928,0.347889542288891,0.858316744307531,1
11.8850222743702,5.45453649812162,0.234177879008432,0.354578060522379,0.340856527296619,0.854389011776919,0.999999999999999
12.2320711904993,5.44150505231982,0.229338037097979,0.348105359009216,0.333932074749796,0.850373612540662,1
12.5892541179417,5.42767027027238,0.224620929103119,0.3417577513017,0.327118005725823,0.84626936687898,1
12.9568669751702,5.41299099604912,0.220025974739296,0.335537343627458,0.320415992157199,0.842075124509801,1
13.3352143216332,5.39740139827715,0.215552594542592,0.329446565838967,0.313827556848052,0.837789767835266,0.999999999999999
13.7246096100756,5.38083316728145,0.211200218141245,0.323487708645858,0.307354073972838,0.833429978591824,1
14.1253754462276,5.36321102727839,0.206968293368938,0.31766300971717,0.300996770034159,0.829060716863771,0.999999999999999
14.5378438560766,5.34444385970613,0.202856296488015,0.311974780579025,0.294756725253671,0.824598407164232,1
14.9623565609443,5.32445997667613,0.198863743854048,0.306424900126053,0.288634875367429,0.820042053572449,1
15.3992652605949,5.30311204772317,0.194990205276036,0.301016136397128,0.282632013794952,0.815390707150734,1
15.8489319246111,5.28033078027002,0.191235319775501,0.29575007255581,0.276748794149562,0.810643469865057,1
16.3117290922784,5.25593260539523,0.187598814223643,0.290629595486761,0.270985733056422,0.805799498631363,1
16.7880401812256,5.22979626833207,0.184080525960791,0.285656708636024,0.265343213243956,0.800858009489431,1
17.2782598050786,5.20174042936213,0.18068043061507,0.280834017698197,0.259821486874053,0.795818281899769,1
17.7827941003892,5.17153694979914,0.177398677014979,0.27616449532869,0.254420679076679,0.790679663153411,1
18.3020610631106,5.13893771831483,0.17423563203498,0.271651225353821,0.249140791655059,0.785466785517649,1
18.836490894898,5.10364417381544,0.171191939444693,0.267297726979285,0.243981706928613,0.780248498609551,1
19.3865263595221,5.06526898719988,0.168268599337288,0.263108269473024,0.23894319168213,0.774930606570602,1
19.9526231496888,5.02333264983382,0.16546707880352,0.259087897139295,0.234024901191339,0.769512688741227,1
20.5352502645715,4.97720812873299,0.162789472002348,0.255242869597762,0.229226383296951,0.763994410613455,1
21.1348903983665,4.92603345162169,0.160238742764898,0.251581276748788,0.224547082501436,0.758375528689359,1
21.7520403401952,4.86854577280075,0.157819114811128,0.248114084827246,0.219986344065144,0.752655895402572,1
22.3872113856834,4.80285266662167,0.155536751132972,0.244856532029779,0.215543418080962,0.746835464087213,1
23.0409297605585,4.72562936686239,0.153401077856286,0.241832438971416,0.211217463509285,0.740917687085346,1
23.7137370566166,4.63000720893892,0.151427861753853,0.239084112764664,0.207007552157858,0.735029810815918,1
24.4061906804198,4.49492575732048,0.149649244532803,0.236714887595536,0.202912672593775,0.729041880098832,1
25.1188643150958,NaN,0.148438076153383,0.198931733977676,0.198931733977676,0.722954176395467,1
25.8523483956219,NaN,0.147440594169918,0.195063569812911,0.195063569812911,0.716767101352995,1
26.6072505979881,NaN,0.14642330970004,0.191306941605029,0.191306941605029,0.710481181739206,0.999999999999999
27.3841963426436,NaN,0.145387087739381,0.187660542429493,0.187660542429493,0.704097074314351,1
28.1838293126445,NaN,0.14433288261758,0.184123000407845,0.184123000407845,0.697615872661407,0.999999999999999
29.0068119869315,NaN,0.143261736169495,0.180692882094706,0.180692882094706,0.691182457270078,1
29.8538261891796,NaN,0.14217477510247,0.17736869577997,0.17736869577997,0.684653173486948,1
30.7255736526745,NaN,0.141073207553535,0.174148894712212,0.174148894712212,0.678029082021915,1
31.6227766016838,NaN,0.139958318842631,0.171031880250788,0.171031880250788,0.671311390746562,1
32.5461783498046,NaN,0.138831466440653,0.168016004955245,0.168016004955245,0.664501458842477,1
33.4965439157828,NaN,0.137694074183946,0.165099575621469,0.165099575621469,0.65760080072316,1
34.4746606573149,NaN,0.136547625779625,0.162280856274566,0.162280856274566,0.650731891499978,0.999999999999999
35.4813389233576,NaN,0.135393657658373,0.15955807112863,0.15955807112863,0.643806105129494,1
36.5174127254838,NaN,0.13423375124287,0.156929407523465,0.156929407523465,0.636793681518012,0.999999999999999
37.5837404288444,NaN,0.13306952471045,0.154393018847871,0.154393018847871,0.6296965932097,1
38.6812054633052,NaN,0.131902624337672,0.151947027458396,0.151947027458396,0.622516979186785,1
39.8107170553497,NaN,0.13073471552201,0.149589527601436,0.149589527601436,0.615285996356327,1
40.9732109813542,NaN,0.129567473581562,0.147318588345309,0.147318588345309,0.60810504103863,1
42.1696503428582,NaN,0.128402574437537,0.145132256527455,0.145132256527455,0.600846859099054,1
43.4010263644744,NaN,0.127241685286012,0.143028559720247,0.143028559720247,0.593514058318332,1
44.6683592150963,NaN,0.126086455365247,0.141005509217118,0.141005509217118,0.586109417572197,1
45.9726988530872,NaN,0.124938506922598,0.139061103038819,0.139061103038819,0.578640072296823,1
47.3151258961481,NaN,0.123799426480879,0.137193328957707,0.137193328957707,0.571260169421658,0.999999999999999
48.6967525165863,NaN,0.122670756498089,0.135400167536049,0.135400167536049,0.563814851167345,1
50.1187233627272,NaN,0.121553987506892,0.133679595172481,0.133679595172481,0.556307351481403,1
51.5822165072306,NaN,0.120450550811298,0.132029587149031,0.132029587149031,0.548741071627582,0.999999999999999
53.0884444230989,NaN,0.119361811807947,0.130448120669521,0.130448120669521,0.541155319235496,1
54.6386549881854,NaN,0.118289063988511,0.128933177878794,0.128933177878794,0.533641444187341,1
56.2341325190349,NaN,0.117233523668208,0.127482748851021,0.127482748851021,0.526076175016699,1
57.8761988349121,NaN,0.116196325473625,0.1260948345345,0.1260948345345,0.518463325964085,1
59.566214352901,NaN,0.115178518611188,0.124767449639656,0.124767449639656,0.510806864842176,1
61.3055792149821,NaN,0.114181063925968,0.123498625456682,0.123498625456682,0.503221621187309,1
63.0957344480194,NaN,0.113204831749295,0.122286412589168,0.122286412589168,0.495645926205418,1
64.9381631576212,NaN,0.112250600523066,0.121128883590304,0.121128883590304,0.488034721407427,1
66.8343917568615,NaN,0.111319056178855,0.120024135488765,0.120024135488765,0.480392315189033,1
68.7859912308808,NaN,0.110410792241119,0.118970292192099,0.118970292192099,0.472784527967426,0.999999999999999
70.7945784384138,NaN,0.109526310616004,0.117965506756462,0.117965506756462,0.4652469734928,0.999999999999999
72.8618174513228,NaN,0.108666023020628,0.11700796351267,0.11700796351267,0.45768658108352,1
74.9894209332456,NaN,0.107830253002239,0.116095880039897,0.116095880039897,0.450107923301036,1
77.1791515585013,NaN,0.107019238492375,0.115227508979773,0.115227508979773,0.442556016817441,1
79.4328234724282,NaN,0.106233134838048,0.114401139685196,0.114401139685196,0.435105250977105,1
81.752303794365,NaN,0.105472018249977,0.113615099699732,0.113615099699732,0.427644615402553,1
84.1395141645195,NaN,0.104735889607057,0.112867756065082,0.112867756065082,0.420178857214461,1
86.5964323360066,NaN,0.1040246785563,0.112157516455681,0.112157516455681,0.412753859615035,0.999999999999999
89.1250938133746,NaN,0.103338247848567,0.111482830140988,0.111482830140988,0.405437410596896,1
91.727593538978,NaN,0.102676397852196,0.110842188777499,0.110842188777499,0.398124026295575,0.999999999999999
94.4060876285924,NaN,0.102038871189202,0.110234127033856,0.110234127033856,0.390818529268255,0.999999999999999
97.1627951577107,NaN,0.10142535744187,0.109657223053627,0.109657223053627,0.383583047153691,1
100,NaN,0.100835497881135,0.109110098761482,0.109110098761482,0.376446117956158,1
