Side,WheelDiameter_mm,ShaftDiameter_mm,Resonance_Hz,PeakReduction_pct,CostReduction_pct,RelativeSpeedReduction_pct
drive,85,3.18,10.3764222426563,78.4376216823916,66.2952297214062,-185.989137482263
drive,85,4,16.9089538572006,79.1035461950847,67.3927437544447,-95.5220523471426
drive,85,4.5,21.5482512013261,79.2618586235087,67.6527347093128,-58.850382953533
drive,85,4.76,24.1648619763285,79.3141265453144,67.7384976857032,-43.3574524902145
drive,85,5,26.7056353892351,79.3509859964549,67.7989567107695,-31.1232568232271
drive,85,5.5,32.3885025376545,79.404425732624,67.8865810759553,-9.82386059435536
drive,85,6.35,43.2663190362954,79.4544556376686,67.9685803673287,17.1806567685486
drive,90,3.18,9.59604409423769,73.8859831448918,59.569481639996,-158.842450938526
drive,90,4,15.517542391796,74.5095817072138,60.6094561317546,-75.7302492257644
drive,90,4.5,19.7416039898612,74.6598169322442,60.8590270497371,-42.4509099533793
drive,90,4.76,22.1267126073546,74.7095792255125,60.941626105426,-28.3691951378666
drive,90,5,24.4437840286277,74.7447193183024,60.9999208646958,-17.2137592854645
drive,90,5.5,29.6289298485632,74.795735846517,61.0845207237357,1.7742274059336
drive,90,6.35,39.5596495128627,74.8435713758725,61.163819474049,25.5904740252054
drive,95,3.18,8.90405236273836,68.6218216805157,52.1086137582532,-134.171449733452
drive,95,4,14.3194952451711,69.2052221033639,53.0929462393276,-57.9818923801896
drive,95,4.5,18.1945886937714,69.3471298366544,53.331426214215,-27.7672944592568
drive,95,4.76,20.3844011557511,69.3942471369887,53.4105315938822,-15.0158388853696
drive,95,5,22.5125171006007,69.427553180125,53.466411491574,-4.96404237726729
drive,95,5.5,27.2766273995129,69.4759565573737,53.5475957309156,12.2980371551323
drive,95,6.35,36.40472179035,69.5213949645311,53.6237603906751,33.9023627183518
drive,100,3.18,8.29688138266651,62.6230643250147,44.1100987793379,-111.728377436919
drive,100,4,13.2895655453874,63.1669708237622,45.0359974511299,-41.8859584143105
drive,100,4.5,16.8700228663873,63.3002077740636,45.2618649619299,-14.6266774576054
drive,100,4.76,18.8945443023165,63.3445258355435,45.3369127691242,-3.12246612772669
drive,100,5,20.8625773077356,63.3758770433039,45.3899814160013,5.88001976191125
drive,100,5.5,25.2695323525812,63.4214746259067,45.467121966337,21.5243455540793
drive,100,6.35,33.7160166330499,63.4643169246709,45.5395700812787,40.50219516866
drive,105,3.18,7.76732221155676,55.8871003543992,35.8675330340726,-91.3563943349682
drive,105,4,12.4043504917909,56.3914527262097,36.7287058656135,-27.6859662704411
drive,105,4.5,15.7351379852404,56.5156474999513,36.9399269715577,-2.87259495640115
drive,105,4.76,17.6193397251091,56.5570138080486,37.0102196140049,7.48588948277662
drive,105,5,19.4513152883188,56.5862936941256,37.0599218266727,15.5871564170733
drive,105,5.5,23.554507271816,56.6289035635746,37.1322446982714,29.59327943543
drive,105,6.35,31.4206713700567,56.6689654509463,37.2002150678705,46.9235293061315
drive,110,3.18,7.30691860938788,48.4367834413531,27.7480457535222,-72.9002297863219
drive,110,4,11.6431800705824,48.9011913072639,28.5375438106436,-14.827917896375
drive,110,4.5,14.7616330297337,49.0159964624668,28.7319633222369,7.63768204662258
drive,110,4.76,16.5263179774819,49.0542742804334,28.7967511313089,16.9578402178501
drive,110,5,18.2423626619661,49.0813798358919,28.8425982203284,24.2720870417563
drive,110,5.5,22.0864806520467,49.120842873697,28.9092876492375,36.912146040059
drive,110,6.35,29.4573575647866,49.1579648442261,28.9720508184589,52.318118017678
load,160,3.18,4.97720873314286,37.2455665470456,33.9386507023757,-13.5713160355292
load,160,4,7.89544728644634,37.4635103618012,34.3299599497324,25.4455501569528
load,160,4.5,9.9991578313396,37.517771655088,34.4271660958229,40.6851595962708
load,160,4.76,11.1903922179839,37.5358970580439,34.4594845082568,46.7529084950457
load,160,5,12.3491636478505,37.5487425674837,34.4824024471718,51.281028457128
load,160,5.5,14.9458202714694,37.5674596155734,34.5158331258089,59.7456695812801
load,160,6.35,19.926581454099,37.5850828846085,34.5472706433716,69.6076788989027
load,165,3.18,4.87309338872134,43.4377004052519,39.8520243973079,-16.5865120804313
load,165,4,7.73172022589495,43.6437728850724,40.2288855132338,24.2838051659558
load,165,4.5,9.79221823475516,43.6950572012453,40.3222611442538,39.4639899679123
load,165,4.76,10.95900483314,43.7121865031601,40.3535131804207,45.635554320053
load,165,5,12.0939221116558,43.7243252792313,40.3754744237489,50.3009770372964
load,165,5.5,14.6371468375287,43.7420116790631,40.4076558823043,58.7123847107938
load,165,6.35,19.5153279481662,43.7586636944255,40.4378913888396,69.0287864946327
load,170,3.18,4.78175775714508,48.9890312668777,45.2430185469089,-17.9589961440976
load,170,4,7.58815973217586,49.1828501274852,45.60361717638,22.5493331086405
load,170,4.5,9.61082925581146,49.2310655863764,45.6929302245025,38.0051231978673
load,170,4.76,10.7561373941101,49.2471680962043,45.7227174606692,44.6544978677679
load,170,5,11.870211297488,49.2585788796025,45.7438574138638,49.3880620760008
load,170,5.5,14.3665841479323,49.2752037111278,45.7745461817781,57.9040306652142
load,170,6.35,19.1548527748838,49.2908553943548,45.8034162321064,68.3278371958782
load,175,3.18,4.7014505972043,53.9517477502541,50.1400891055016,-19.8706664842777
load,175,4,7.46200167083002,54.1332949331849,50.4833116230196,21.6362250866358
load,175,4.5,9.45142838822334,54.1784405440307,50.5682068986351,37.3373462286775
load,175,4.76,10.5779133390201,54.1935163387902,50.5966147349591,43.5378722017049
load,175,5,11.6735999645195,54.204198969732,50.6165782314808,48.757149110735
load,175,5.5,14.128840596724,54.2197624105026,50.645788700394,57.2377276140752
load,175,6.35,18.8381559546841,54.2344139712668,50.673292039524,67.7468841135578
load,180,3.18,4.6306792668734,58.3811283960153,54.5770569493292,-22.199225227884
load,180,4,7.35088315601712,58.5506470595161,54.9023227246975,20.1119942538763
load,180,4.5,9.31104390469836,58.5927862526302,54.9826642682245,36.3029329287981
load,180,4.76,10.4209093821826,58.6068567386908,55.0094726936468,42.8134332295407
load,180,5,11.5004861028061,58.6168267217193,55.0285037578385,48.0402445973622
load,180,5.5,13.9194923604065,58.6313511569287,55.056118292988,56.770565510763
load,180,6.35,18.5592338502336,58.6450241448685,55.0820881171868,67.359136256781
load,185,3.18,4.56816220876097,62.3317301344914,58.5900475532501,-23.6038527395833
load,185,4,7.25273780922018,62.4896423704955,58.8970411857207,19.4429249679471
load,185,4.5,9.18712396569457,62.5288832501897,58.9730101140871,35.5717139101316
load,185,4.76,10.2823225580316,62.5419846811149,58.9982262215634,42.1456138867544
load,185,5,11.34764319513,62.5512676782712,59.0161772415645,47.1650451944536
load,185,5.5,13.7346885282112,62.5647908982293,59.0422475336569,56.2358850193179
load,185,6.35,18.3130550240924,62.5775206489873,59.0667460276749,66.9270264679301
