Parameter,Factor,ResonanceHz,PeakReduction_pct,MovingCostReduction_pct,FixedCostReduction_pct,PulseReduction_pct,DCGainRatio
driveInertiaFactor,0.25,8.66694030247456,66.4606185522947,49.1606015568831,73.1492709265111,-125.463500466813,1
driveInertiaFactor,0.4,7.39809698335964,50.0552378799571,29.4199790006657,66.4698652880247,-76.6357884062492,1
driveInertiaFactor,0.5,6.89227463110252,39.9847316201583,19.8527718521723,59.5952605144765,-55.5602394997361,1
driveInertiaFactor,0.6,6.52389336693946,30.6178462763304,12.7142750295905,48.8700616667435,-39.4946228927837,1
driveInertiaFactor,0.7,6.24259303949872,21.9510006090926,7.54160318118987,31.2805270161452,-26.6877711964394,1
driveInertiaFactor,0.8,6.02022531432624,13.9722866288425,3.91640475446535,11.4445631365725,-16.2342874321824,1
driveInertiaFactor,1,5.69013197069411,0,0,0,0,1
driveInertiaFactor,1.2,5.45612983952564,-11.5017654387824,-1.00180735321149,7.27227224201904,12.0639415833891,1
driveInertiaFactor,1.5,5.20929066853938,-24.6714072626535,0.506616844139629,35.9467415203353,25.3767677955134,1
driveInertiaFactor,2,4.94773122126885,-37.9245299820936,6.46854581981382,74.1894425919775,39.9508241301384,1
driveInertiaFactor,3,4.66906239413725,-44.2244281748865,20.3981862201619,88.3688225408006,52.4789514369203,1
driveInertiaFactor,4,4.52238539266585,-38.2277121190757,32.1763130034749,92.4476841791731,66.4446274559285,0.999999999999999
driveInertiaFactor,6,4.37017630066816,-18.2376927639365,48.5869316691151,95.5520692746953,68.7795781700375,1
driveInertiaFactor,8,4.29186105819213,-0.0740629460568965,58.9246762769891,96.8461338763284,82.1243869923937,1
loadInertiaFactor,0.25,9.02799913955563,-38.0477995694373,-46.7607537028206,73.5164063957084,35.8070588798936,1
loadInertiaFactor,0.4,7.5475938554934,-43.7601219903016,-42.8439908613748,66.6529176850483,23.188157358995,1
loadInertiaFactor,0.5,6.98410279666233,-38.3049792325011,-35.5848796690717,59.3897967355937,17.3698906297171,1
loadInertiaFactor,0.6,6.58142524096225,-30.5459116374171,-27.6521145200235,47.3708683586651,12.1491232324866,1
loadInertiaFactor,0.7,6.27783358720361,-22.2699849649708,-19.906991755092,24.0894358233559,8.97111315620496,1
loadInertiaFactor,0.8,6.03999361962069,-14.2527110996619,-12.6700245493653,-1.82614861252106,5.54152234294828,1
loadInertiaFactor,1,5.69013197069411,0,0,0,0,1
loadInertiaFactor,1.2,5.444178124624,11.6988378033412,10.4382980971749,18.7430677491393,-4.29415919505169,1
loadInertiaFactor,1.5,5.18635989506901,25.3143015865215,22.8058133775576,50.4945078055312,-9.22568634960164,1
loadInertiaFactor,2,4.91471572414805,40.9440552483697,37.4584958793199,76.9568916468274,-15.1929058536292,1
loadInertiaFactor,3,4.62668102248472,58.6329112822571,54.8312368729532,89.1460770563771,-22.3208229156432,1
loadInertiaFactor,4,4.47547480026761,68.2447010406255,64.7001802137492,92.8873208266878,-25.5835603032141,1
loadInertiaFactor,6,4.31877006917008,78.3552674842835,75.4588253041424,95.7852803391291,-30.4465556808528,1
loadInertiaFactor,8,4.23814627906521,83.5926047901823,81.1984229622066,97.0044559510394,-32.3883071059444,1
Ds,0.25,0.22659865660873,-90.0178312625786,-13.4940828226054,99.7871269599156,-572.025756699542,1
Ds,0.4,0.809553984372057,-17.0795535436318,-31.4689455389238,99.6575488315692,-335.32375326071,1
Ds,0.5,1.3608858192424,-6.45568400391476,-11.2029144005464,99.2853659870882,-221.784605595016,1
Ds,0.6,2.00887979822115,-2.84122774683198,-4.80153506325651,98.4613553581776,-141.047245105576,1
Ds,0.7,2.76284068839778,-1.32875601499662,-2.22000302461507,96.7485469306073,-87.4605098331328,1
Ds,0.8,3.62663052584988,-0.602890660554944,-1.00185795746617,92.7909054436522,-50.7911850159125,1
Ds,1,5.69013197069411,0,0,0,0,1
Ds,1.2,8.20592739641846,0.215626537654512,0.355969456849436,80.6262729415626,28.7435260580646,1
Ds,1.5,12.8322060077564,0.333995302589729,0.550997528156694,87.5273598216922,53.1264344630662,1
Ds,2,22.821573610126,0.390080324119901,0.643154900438081,89.3162877564795,73.3824084510879,1
Ds,3,51.3559250339489,0.410903003268503,0.677436500468809,89.8555913895379,88.3154990985246,1
Ds,4,91.3016193703751,0.414406491424157,0.683194000776954,89.9409876719394,93.8222186498272,1
Ds,6,NaN,91.0416276104344,89.9723381408306,89.9723381408306,97.8190810302629,1
Ds,8,NaN,91.04395771483,89.9775940988975,89.9775940988975,99.0298226002516,1
Ls,0.25,11.4046759370356,0.312193497493551,0.514984873540714,86.6568071101177,47.492883367987,1
Ls,0.4,9.01235076901291,0.249837492052718,0.412487903437109,83.311475262489,34.7672320023014,1
Ls,0.5,8.05857199925713,0.208243624428506,0.343788509155751,79.9257398593319,27.4436347250398,1
Ls,0.6,7.35433613155974,0.166631593717081,0.275187877964511,74.7299381194035,20.2221085702847,1
Ls,0.7,6.80683847102899,0.125001333091523,0.206415607073618,65.5919075733035,15.1168376551192,1
Ls,0.8,6.36541431919879,0.0833527673467227,0.13788198224215,44.6303459049844,8.74584313228627,1
Ls,1,5.69013197069411,0,0,0,0,1
Ls,1.2,5.19137459108175,-0.0834258721646108,-0.13814786445665,35.7307384097895,-8.66574653570933,1
Ls,1.5,4.63931538894681,-0.208702147571183,-0.345769904499327,77.9059577256778,-21.3352563444296,1
Ls,2,4.01199120256294,-0.417861930840968,-0.693478419061622,89.4908004011789,-36.6406852099878,1
Ls,3,3.26635177943571,-0.837551516345192,-1.39424267583008,94.834899229052,-63.0749930774899,1
Ls,4,2.82056941765279,-1.25906145400856,-2.10257905405737,96.5690350367824,-85.5789930489628,1
Ls,6,2.28961608598652,-2.10751088085068,-3.54194035376878,97.9405106076684,-117.946247649699,1
Ls,8,1.97125850298031,-2.96314045686885,-5.01206781288912,98.5226497411376,-144.50534549986,1
Df,0.25,66.670574824416,-47.7044387815115,-134.231299582692,-127.755782149993,-204.238530743655,0.999999999999982
Df,0.4,30.8770626650219,-33.7911908043071,-111.832520385768,-95.4332244281623,-245.157563394774,0.999999999999982
Df,0.5,21.1796455540387,-16.0738763352916,-82.8592953584093,-34.9916546763787,-186.609926170477,1
Df,0.6,15.24940735502,-7.6875244535064,-66.810780752046,17.468252936661,-129.3781428233,1
Df,0.7,11.4085512295914,-3.72412629648509,-53.6842390914023,46.3717215832404,-82.7960421930515,1
Df,0.8,8.81764301915561,-1.71861944807421,-37.9261646992112,58.841685135577,-47.3947010040046,1
Df,1,5.69013197069411,0,0,0,0,1
Df,1.2,3.96354781437488,0.626541383379331,32.2454529718182,95.2019271358076,28.3883289757592,1
Df,1.5,2.54097503587573,0.973172523933652,62.0152793310276,99.4936272810921,53.0332892650603,1
Df,2,1.43045928329847,1.13807653871766,83.581165893754,99.9568177014735,63.2107732986166,1
Df,3,0.63595058371323,1.19943350989414,95.0672710896243,99.9984027555946,76.5371362339454,1
Df,4,0.357724781998475,1.2359418484255,97.362874119645,99.9998414819232,86.7152322320479,1
Df,6,0.159009991827046,1.50687077155175,99.3463301850799,99.9999938347276,94.4436060503805,1
Df,8,NaN,99.9999988974798,99.9999993831098,99.9999993831098,96.8992943280351,1
rho,0.25,11.190267358092,-3.53453755424449,-52.6836600724175,47.7195357602148,-80.0068282639763,1
rho,0.4,8.91989204274044,-1.78768372482425,-38.7530361139192,58.5506456924593,-48.8407531442361,1
rho,0.5,8.00075081455004,-1.19633155899708,-30.5010375920735,59.9988477718269,-35.5066938671737,1
rho,0.6,7.31758069123264,-0.79957397748831,-23.0396280030532,58.0308399660353,-25.3444540266563,1
rho,0.7,6.7840761927007,-0.514939488438126,-16.3290921030611,51.1999919157814,-17.1440593911275,1
rho,0.8,6.35248246007478,-0.300787154593829,-10.303119714764,32.724711003457,-10.8720101104251,1
rho,1,5.69013197069411,0,0,0,0,1
rho,1.2,5.19942255193921,0.201156468910557,8.43276988527031,41.3639780319879,7.89836078557271,1
rho,1.5,4.65507608754287,0.402817852166726,18.5169400964627,84.8579494833481,14.027604561281,1
rho,2,4.03539179889686,0.604984723549828,30.7801216917183,94.6425462339471,27.1755288621909,1
rho,3,3.29815312094638,0.807656530827905,46.098180328616,98.250078851188,39.7749058875799,1
rho,4,2.85770416680866,0.909182319949886,55.3881409286232,99.1298550090837,31.2716262386101,0.999999999999999
rho,6,2.33447136493185,1.01083361198696,66.2711495301665,99.653316862833,42.9593865778534,1
rho,8,2.02221175137381,1.06171079884987,72.5463713798445,99.8145680531517,62.3105094890302,1
