Factor,Resonance_Hz,PeakRatio,MovingBandCostRatio,FixedBandCostRatio,LocalResonanceExists
0.5,5.69035652787386,1.00507135864998,1.00269796249378,1.00270350242872,1
0.502896470533927,5.69035627622015,1.00504183265158,1.00268228943774,1.00268779763141,1
0.505809720150961,5.69035602307185,1.00501213735819,1.00266652610651,1.00267200237089,1
0.508739846051343,5.69035576841986,1.00498227180923,1.0026506719831,1.00265611612905,1
0.511686945998387,5.69035551225504,1.00495223503881,1.00263472654762,1.00264013838485,1
0.514651118321746,5.69035525456818,1.00492202607567,1.00261868927723,1.00262406861429,1
0.517632461920689,5.69035499535003,1.00489164394316,1.00260255964614,1.00260790629044,1
0.520631076267403,5.69035473459127,1.00486108765919,1.00258633712557,1.00259165088334,1
0.523647061410313,5.69035447228253,1.00483035623627,1.00257002118377,1.00257530186006,1
0.526680517977418,5.69035420841436,1.00479944868139,1.00255361128596,1.00255885868466,1
0.529731547179648,5.69035394297727,1.00476836399605,1.00253710689436,1.00254232081816,1
0.532800250814242,5.6903536759617,1.00473710117624,1.00252050746812,1.00252568771851,1
0.535886731268147,5.69035340735803,1.00470565921234,1.00250381246336,1.00250895884064,1
0.538991091521428,5.69035313715658,1.00467403708918,1.00248702133311,1.00249213363636,1
0.542113435150709,5.69035286534762,1.00464223378595,1.00247013352732,1.00247521155439,1
0.545253866332629,5.69035259192133,1.00461024827618,1.00245314849282,1.00245819204036,1
0.548412489847313,5.69035231686786,1.00457807952775,1.00243606567332,1.00244107453674,1
0.551589411081873,5.69035204017727,1.00454572650279,1.00241888450939,1.00242385848284,1
0.554784736033923,5.69035176183958,1.00451318815772,1.00240160443844,1.00240654331484,1
0.557998571315112,5.69035148184471,1.00448046344317,1.00238422489471,1.00238912846571,1
0.561231024154687,5.69035120018257,1.00444755130397,1.00236674530922,1.00237161336521,1
0.564482202403066,5.69035091684295,1.00441445067914,1.0023491651098,1.0023539974399,1
0.567752214535439,5.69035063181562,1.00438116050181,1.00233148372104,1.00233628011309,1
0.571041169655386,5.69035034509025,1.00434767969923,1.0023137005643,1.00231846080484,1
0.574349177498517,5.69035005665647,1.00431400719272,1.00229581505766,1.00230053893194,1
0.577676348436136,5.69034976650382,1.00428014189766,1.00227782661591,1.00228251390788,1
0.58102279347892,5.6903494746218,1.00424608272341,1.00225973465056,1.00226438514283,1
0.584388624280623,5.69034918099982,1.00421182857336,1.00224153856977,1.00224615204367,1
0.587773953141804,5.69034888562722,1.00417737834482,1.0022232377784,1.00222781401389,1
0.591178893013574,5.6903485884933,1.00414273092902,1.00220483167792,1.00220937045364,1
0.594603557501361,5.69034828958726,1.00410788521108,1.00218631966645,1.00219082075969,1
0.598048060868702,5.69034798889825,1.00407284006998,1.0021677011387,1.00217216432539,1
0.601512518041058,5.69034768641534,1.00403759437853,1.00214897548599,1.0021534005407,1
0.604997044609646,5.69034738212753,1.00400214700332,1.00213014209618,1.0021345287921,1
0.608501756835296,5.69034707602377,1.00396649680471,1.00211120035371,1.00211554846266,1
0.612026771652328,5.69034676809289,1.00393064263677,1.00209214963954,1.00209645893193,1
0.615572206672458,5.69034645832372,1.00389458334729,1.00207298933113,1.00207725957599,1
0.61913818018872,5.69034614670495,1.0038583177777,1.00205371880247,1.0020579497674,1
0.622724811179411,5.69034583322522,1.00382184476305,1.00203433742399,1.00203852887518,1
0.626332219312064,5.69034551787313,1.00378516313203,1.00201484456259,1.00201899626482,1
0.629960524947437,5.69034520063715,1.00374827170684,1.00199523958161,1.0019993512982,1
0.633609849143531,5.69034488150573,1.00371116930325,1.00197552184079,1.00197959333364,1
0.637280313659631,5.69034456046719,1.0036738547305,1.00195569069631,1.00195972172583,1
0.640972040960364,5.69034423750982,1.0036363267913,1.00193574550067,1.00193973582584,1
0.64468515421979,5.69034391262183,1.00359858428179,1.00191568560277,1.00191963498108,1
0.648419777325505,5.69034358579131,1.00356062599151,1.00189551034783,1.00189941853529,1
0.652176034882782,5.69034325700633,1.00352245070334,1.00187521907741,1.00187908582854,1
0.655954052218724,5.69034292625485,1.00348405719351,1.00185481112933,1.00185863619715,1
0.659753955386447,5.69034259352476,1.00344544423153,1.00183428583773,1.00183806897373,1
0.663575871169284,5.69034225880387,1.00340661058016,1.00181364253297,1.00181738348716,1
0.667419927085017,5.69034192207991,1.0033675549954,1.00179288054169,1.0017965790625,1
0.671286251390132,5.69034158334053,1.00332827622643,1.0017719991867,1.00177565502106,1
0.675174973084095,5.69034124257331,1.00328877301557,1.00175099778705,1.00175461068032,1
0.679086221913661,5.69034089976574,1.00324904409828,1.00172987565793,1.00173344535391,1
0.683020128377198,5.69034055490522,1.00320908820308,1.00170863211071,1.00171215835164,1
0.686976823729045,5.69034020797909,1.00316890405155,1.00168726645289,1.00169074897941,1
0.690956439983888,5.69033985897458,1.00312849035829,1.00166577798807,1.00166921653925,1
0.694959109921168,5.69033950787887,1.00308784583084,1.00164416601596,1.00164756032925,1
0.69898496708951,5.69033915467903,1.00304696916972,1.00162242983232,1.00162577964359,1
0.703034145811175,5.69033879936206,1.00300585906833,1.00160056872898,1.00160387377245,1
0.707106781186547,5.69033844191487,1.00296451421295,1.00157858199379,1.00158184200205,1
0.711203009098641,5.69033808232427,1.00292293328267,1.00155646891062,1.00155968361462,1
0.715322966217629,5.69033772057701,1.0028811149494,1.00153422875929,1.00153739788834,1
0.71946679000541,5.69033735665974,1.0028390578778,1.00151186081562,1.00151498409735,1
0.723634618720189,5.69033699055903,1.00279676072523,1.00148936435135,1.00149244151173,1
0.727826591421094,5.69033662226135,1.00275422214177,1.00146673863416,1.00146976939746,1
0.732042847972813,5.69033625175309,1.00271144077011,1.0014439829276,1.00144696701641,1
0.736283529050263,5.69033587902055,1.00266841524557,1.00142109649112,1.0014240336263,1
0.740548776143282,5.69033550404993,1.00262514419604,1.00139807858002,1.00140096848073,1
0.744838731561351,5.69033512682736,1.00258162624195,1.00137492844541,1.00137777082908,1
0.749153538438341,5.69033474733887,1.00253785999621,1.00135164533423,1.00135443991655,1
0.753493340737288,5.69033436557038,1.00249384406419,1.00132822848921,1.0013309749841,1
0.757858283255199,5.69033398150775,1.0024495770437,1.00130467714881,1.00130737526845,1
0.762248511627881,5.69033359513672,1.00240505752491,1.00128099054728,1.00128364000205,1
0.7666641723348,5.69033320644295,1.00236028409035,1.00125716791453,1.00125976841306,1
0.77110541270397,5.69033281541201,1.00231525531485,1.00123320847621,1.0012357597253,1
0.775572380916867,5.69033242202935,1.00226996976549,1.00120911145363,1.00121161315828,1
0.780065226013373,5.69033202628036,1.0022244260016,1.00118487606373,1.00118732792713,1
0.784584097896751,5.69033162815031,1.0021786225747,1.0011605015191,1.00116290324259,1
0.789129147338642,5.69033122762437,1.00213255802843,1.0011359870279,1.00113833831099,1
0.7937005259841,5.69033082468764,1.00208623089858,1.0011113317939,1.00111363233423,1
0.79829838635665,5.69033041932507,1.00203963971297,1.00108653501641,1.00108878450975,1
0.802922881863376,5.69033001152157,1.00199278299149,1.00106159589025,1.0010637940305,1
0.807574166800042,5.69032960126191,1.00194565924598,1.00103651360579,1.00103866008495,1
0.812252396356236,5.69032918853078,1.00189826698026,1.00101128734883,1.001013381857,1
0.81695772662055,5.69032877331275,1.00185060469006,1.00098591630067,1.00098795852602,1
0.82169031458579,5.69032835559232,1.00180267086297,1.00096039963801,1.0009623892668,1
0.826450318154212,5.69032793535384,1.0017544639784,1.00093473653299,1.00093667324951,1
0.831237896142788,5.69032751258159,1.00170598250758,1.00090892615311,1.00091080963971,1
0.836053208288509,5.69032708725974,1.00165722491345,1.00088296766124,1.0008847975983,1
0.840896415253715,5.69032665937236,1.00160818965069,1.00085686021558,1.00085863628149,1
0.845767678631449,5.69032622890339,1.00155887516564,1.00083060296965,1.00083232484081,1
0.850667160950856,5.69032579583669,1.00150927989624,1.00080419507223,1.00080586242303,1
0.855595025682602,5.69032536015601,1.00145940227203,1.00077763566738,1.0007792481702,1
0.86055143724433,5.69032492184497,1.00140924071412,1.0007509238944,1.00075248121956,1
0.865536561006143,5.6903244808871,1.00135879363506,1.00072405888777,1.00072556070358,1
0.870550563296124,5.69032403726582,1.00130805943892,1.00069703977719,1.00069848574986,1
0.875593611405885,5.69032359096443,1.00125703652114,1.00066986568748,1.00067125548117,1
0.880665873596148,5.69032314196613,1.00120572326855,1.00064253573863,1.0006438690154,1
0.885767519102361,5.69032269025399,1.00115411805932,1.0006150490457,1.00061632546551,1
0.890898718140339,5.69032223581098,1.0011022192629,1.00058740471885,1.00058862393954,1
0.896059641911952,5.69032177861996,1.00105002523999,1.00055960186329,1.00056076354058,1
0.90125046261083,5.69032131866368,1.00099753434248,1.00053163957925,1.00053274336672,1
0.90647135342811,5.69032085592474,1.00094474491343,1.00050351696198,1.00050456251103,1
0.911722488558217,5.69032039038566,1.00089165528702,1.00047523310168,1.00047622006156,1
0.917004043204671,5.69031992202884,1.0008382637885,1.00044678708351,1.00044771510127,1
0.922316193585939,5.69031945083653,1.00078456873415,1.00041817798755,1.00041904670804,1
0.927659116941309,5.6903189767909,1.00073056843123,1.00038940488879,1.00039021395464,1
0.933032991536807,5.69031849987398,1.00067626117795,1.00036046685705,1.00036121590866,1
0.938437996671143,5.69031802006767,1.00062164526342,1.00033136295701,1.00033205163256,1
0.943874312681694,5.69031753735377,1.00056671896759,1.00030209224818,1.00030272018356,1
0.949342120950519,5.69031705171396,1.00051148056123,1.00027265378483,1.00027322061365,1
0.954841603910417,5.69031656312977,1.00045592830588,1.00024304661599,1.0002435519696,1
0.960372945051004,5.69031607158262,1.00040006045379,1.00021326978543,1.00021371329286,1
0.965936328924846,5.6903155770538,1.00034387524788,1.00018332233162,1.00018370361957,1
0.971531941153606,5.6903150795245,1.00028737092171,1.0001532032877,1.00015352198054,1
0.977159968434246,5.69031457897574,1.00023054569943,1.00012291168145,1.0001231674012,1
0.982820598545251,5.69031407538845,1.00017339779572,1.00009244653528,1.0000926389016,1
0.988514020352896,5.6903135687434,1.00011592541577,1.0000618068662,1.00006193549634,1
0.994240423817547,5.69031305902125,1.00005812675518,1.00003099168574,1.00003105619458,1
1,5.69031254620253,1,1,1,1
1.00579294106785,5.69031203026761,0.999941543326606,0.999968830809573,0.999968765910749,1
1.01161944030192,5.69031151119677,0.999882754901697,0.999937483109523,0.999937352919451,1
1.01747969210269,5.69031098897012,0.999823632882232,0.999905955889363,0.999905760013154,1
1.02337389199677,5.69031046356766,0.999764175415388,0.999874248133021,0.999873986173305,1
1.02930223664349,5.69030993496923,0.999704380638515,0.999842358818812,0.999842030375724,1
1.03526492384138,5.69030940315456,0.999644246679085,0.999810286919412,0.999809891590571,1
1.04126215253481,5.69030886810322,0.999583771654649,0.999778031401822,0.999777568782318,1
1.04729412282063,5.69030832979465,0.999522953672789,0.999745591227343,0.999745060909719,1
1.05336103595484,5.69030778820815,0.999461790831067,0.999712965351545,0.999712366925778,1
1.0594630943593,5.69030724332287,0.999400281216981,0.999680152724236,0.999679485777723,1
1.06560050162848,5.69030669511783,0.999338422907921,0.999647152289436,0.999646416406973,1
1.07177346253629,5.69030614357191,0.999276213971113,0.999613962985339,0.999613157749106,1
1.07798218304286,5.69030558866383,0.999213652463575,0.99958058374429,0.999579708733834,1
1.08422687030142,5.69030503037216,0.999150736432074,0.999547013492753,0.999546068284967,1
1.09050773266526,5.69030446867536,0.999087463913066,0.999513251151275,0.999512235320384,1
1.09682497969463,5.6903039035517,0.999023832932661,0.999479295634462,0.999478208752004,1
1.10317882216375,5.69030333497933,0.998959841506564,0.999445145850947,0.999443987485752,1
1.10956947206785,5.69030276293622,0.998895487640033,0.999410800703355,0.999409570421529,1
1.11599714263022,5.69030218740022,0.998830769327825,0.999376259088273,0.999374956453182,1
1.12246204830937,5.69030160834901,0.998765684554151,0.999341519896224,0.999340144468469,1
1.12896440480613,5.69030102576013,0.998700231292627,0.999306582011627,0.999305133349032,1
1.13550442907088,5.69030043961096,0.998634407506219,0.999271444312773,0.999269921970363,1
1.14208233931077,5.6902998498787,0.998568211147201,0.999236105671787,0.999234509201769,1
1.14869835499704,5.69029925654044,0.998501640157101,0.999200564954601,0.999198893906347,1
1.15535269687227,5.69029865957306,0.998434692466652,0.99916482102092,0.999163074940944,1
1.16204558695784,5.69029805895334,0.998367365995744,0.999128872724189,0.999127051156131,1
1.16877724856125,5.69029745465783,0.998299658653368,0.999092718911562,0.999090821396168,1
1.17554790628361,5.69029684666298,0.998231568337574,0.999056358423869,0.999054384498969,1
1.18235778602715,5.69029623494503,0.998163092935416,0.999019790095583,0.999017739296074,1
1.18920711500272,5.6902956194801,0.998094230322901,0.998983012754787,0.998980884612612,1
1.1960961217374,5.69029500024411,0.99802497836494,0.998946025223144,0.998943819267271,1
1.20302503608212,5.69029437721282,0.997955334915297,0.99890882631586,0.998906542072262,1
1.20999408921929,5.69029375036183,0.997885297816537,0.998871414841651,0.998869051833288,1
1.21700351367059,5.69029311966657,0.997814864899977,0.998833789602715,0.998831347349509,1
1.22405354330466,5.69029248510229,0.997744033985631,0.99879594939469,0.99879342741351,1
1.23114441334492,5.69029184664408,0.997672802882162,0.998757893006629,0.998755290811265,1
1.23827636037744,5.69029120426684,0.99760116938683,0.99871961922096,0.998716936322103,1
1.24544962235882,5.69029055794531,0.997529131285439,0.998681126813454,0.998678362718678,1
1.25266443862413,5.69028990765406,0.997456686352286,0.998642414553193,0.998639568766929,1
1.25992104989487,5.69028925336747,0.997383832350109,0.998603481202531,0.998600553226051,1
1.26721969828706,5.69028859505972,0.997310567030036,0.998564325517068,0.998561314848457,1
1.27456062731926,5.69028793270486,0.997236888131527,0.998524946245604,0.998521852379742,1
1.28194408192073,5.69028726627672,0.997162793382331,0.998485342130113,0.998482164558653,1
1.28937030843958,5.69028659574896,0.997088280498426,0.998445511905706,0.998442250117051,1
1.29683955465101,5.69028592109505,0.99701334718397,0.998405454300595,0.998402107779876,1
1.30435206976556,5.69028524228828,0.996937991131247,0.998365168036059,0.998361736265111,1
1.31190810443745,5.69028455930175,0.996862210020612,0.998324651826408,0.99832113428375,1
1.31950791077289,5.69028387210837,0.996786001520442,0.998283904378947,0.998280300539757,1
1.32715174233857,5.69028318068087,0.996709363287081,0.998242924393943,0.998239233730036,1
1.33483985417003,5.69028248499177,0.996632292964787,0.998201710564585,0.99819793254439,1
1.34257250278026,5.69028178501341,0.996554788185675,0.998160261576952,0.998156395665488,1
1.35034994616819,5.69028108071793,0.996476846569669,0.998118576109978,0.99811462176883,1
1.35817244382732,5.69028037207727,0.996398465724444,0.99807665283541,0.998072609522705,1
1.3660402567544,5.69027965906318,0.996319643245374,0.998034490417777,0.998030357588162,1
1.37395364745809,5.69027894164721,0.99624037671548,0.997992087514351,0.997987864618967,1
1.38191287996778,5.69027821980071,0.996160663705369,0.99794944277511,0.997945129261571,1
1.38991821984234,5.69027749349481,0.99608050177319,0.997906554842706,0.997902150155068,1
1.39796993417902,5.69027676270046,0.995999888464568,0.99786342235242,0.997858925931163,1
1.40606829162235,5.6902760273884,0.995918821312561,0.997820043932133,0.997815455214133,1
1.41421356237309,5.69027528752914,0.995837297837597,0.997776418202282,0.997771736620786,1
1.42240601819728,5.690274543093,0.99575531554742,0.997732543775826,0.99772776876043,1
1.43064593243526,5.6902737940501,0.995672871937041,0.997688419258212,0.997683550234828,1
1.43893358001082,5.69027304037031,0.995589964488677,0.99764404324733,0.997639079638166,1
1.44726923744038,5.69027228202334,0.995506590671701,0.997599414333478,0.997594355557014,1
1.45565318284219,5.69027151897863,0.995422747942581,0.997554531099327,0.997549376570285,1
1.46408569594563,5.69027075120544,0.995338433744826,0.997509392119878,0.997504141249197,1
1.47256705810053,5.69026997867278,0.995253645508938,0.997463995962429,0.997458648157239,1
1.48109755228656,5.69026920134947,0.995168380652345,0.997418341186531,0.997412895850125,1
1.4896774631227,5.69026841920409,0.995082636579355,0.997372426343955,0.997366882875763,1
1.49830707687668,5.690267632205,0.994996410681093,0.997326249978646,0.997320607774211,1
1.50698668147458,5.69026684032033,0.994909700335451,0.997279810626693,0.997274069077637,1
1.5157165665104,5.69026604351798,0.994822502907028,0.997233106816284,0.997227265310285,1
1.52449702325576,5.69026524176563,0.994734815747075,0.997186137067665,0.99718019498843,1
1.5333283446696,5.69026443503072,0.99464663619344,0.997138899893109,0.997132856620344,1
1.54221082540794,5.69026362328046,0.994557961570511,0.997091393796866,0.997085248706248,1
1.55114476183373,5.69026280648182,0.994468789189158,0.997043617275131,0.997037369738282,1
1.56013045202675,5.69026198460154,0.994379116346679,0.996995568816002,0.996989218200457,1
1.5691681957935,5.69026115760611,0.994288940326744,0.996947246899437,0.996940792568619,1
1.57825829467728,5.69026032546179,0.994198258399334,0.99689864999722,0.996892091310406,1
1.5874010519682,5.69025948813458,0.994107067820689,0.996849776572916,0.996843112885212,1
1.5965967727133,5.69025864559026,0.994015365833249,0.99680062508183,0.996793855744139,1
1.60584576372675,5.69025779779434,0.993923149665597,0.996751193970967,0.996744318329965,1
1.61514833360008,5.69025694471209,0.993830416532401,0.996701481678998,0.996694499077093,1
1.62450479271247,5.69025608630853,0.99373716363436,0.996651486636207,0.996644396411519,1
1.6339154532411,5.69025522254844,0.993643388158146,0.996601207264458,0.996594008750785,1
1.64338062917158,5.6902543533963,0.993549087276344,0.996550641977153,0.996543334503941,1
1.65290063630842,5.69025347881638,0.993454258147396,0.996499789179189,0.996492372071498,1
1.66247579228558,5.69025259877266,0.993358897915546,0.996448647266918,0.996441119845393,1
1.67210641657702,5.6902517132289,0.99326300371078,0.9963972146281,0.996389576208943,1
1.68179283050743,5.69025082214853,0.993166572648768,0.996345489641871,0.996337739536804,1
1.6915353572629,5.69024992549478,0.993069601830809,0.996293470678691,0.996285608194927,1
1.70133432190171,5.69024902323057,0.992972088343772,0.996241156100307,0.996233180540517,1
1.7111900513652,5.69024811531857,0.992874029260036,0.996188544259711,0.996180454921992,1
1.72110287448866,5.69024720172116,0.992775421637438,0.996135633501095,0.996127429678937,1
1.73107312201229,5.69024628240046,0.992676262519208,0.996082422159811,0.996074103142064,1
1.74110112659225,5.69024535731832,0.992576548933917,0.996028908562324,0.996020473633166,1
1.75118722281177,5.69024442643628,0.992476277895414,0.995975091026174,0.995966539465076,1
1.7613317471923,5.69024348971564,0.992375446402773,0.995920967859929,0.995912298941624,1
1.77153503820472,5.69024254711737,0.992274051440234,0.995866537363146,0.99585775035759,1
1.78179743628068,5.6902415986022,0.992172089977139,0.995811797826322,0.995802891998664,1
1.7921192838239,5.69024064413054,0.992069558967881,0.995756747530854,0.995747722141402,1
1.80250092522166,5.69023968366252,0.991966455351844,0.995701384748996,0.995692239053177,1
1.81294270685622,5.69023871715797,0.991862776053343,0.995645707743812,0.995636440992144,1
1.82344497711643,5.69023774457643,0.991758517981565,0.995589714769134,0.995580326207184,1
1.83400808640934,5.69023676587716,0.991653678030516,0.995533404069517,0.995523892937871,1
1.84463238717188,5.69023578101907,0.991548253078957,0.995476773880195,0.995467139414419,1
1.85531823388262,5.69023478996082,0.991442239990348,0.995419822427038,0.995410063857641,1
1.86606598307361,5.69023379266075,0.991335635612788,0.995362547926503,0.995352664478904,1
1.87687599334229,5.69023278907685,0.991228436778961,0.995304948585595,0.995294939480081,1
1.88774862536339,5.69023177916685,0.991120640306072,0.995247022601816,0.995236887053511,1
1.89868424190104,5.69023076288816,0.991012242995793,0.995188768163125,0.995178505381948,1
1.90968320782083,5.69022974019786,0.990903241634202,0.995130183447888,0.995119792638518,1
1.92074589010201,5.6902287110527,0.990793632991726,0.995071266624837,0.995060746986674,1
1.93187265784969,5.69022767540914,0.99068341382308,0.995012015853023,0.995001366580148,1
1.94306388230721,5.69022663322329,0.990572580867213,0.994952429281768,0.994941649562906,1
1.95431993686849,5.69022558445096,0.990461130847245,0.99489250505062,0.994881594069104,1
1.9656411970905,5.69022452904759,0.990349060470413,0.99483224128931,0.994821198223037,1
1.97702804070579,5.69022346696831,0.990236366428007,0.994771636117704,0.994760460139095,1
1.98848084763509,5.69022239816795,0.990123045395319,0.994710687645751,0.994699377921718,1
2,5.69022132260094,0.990009094031575,0.994649393973448,0.994637949665346,1
2.03874697187775,5.69021770048305,0.989625988052708,0.994443278359835,0.994431380881329,1
2.07824460767034,5.69021400147499,0.989235764703071,0.99423326140091,0.994220901226935,1
2.11850745035458,5.69021022382433,0.988838297644784,0.994019271035382,0.994006438427421,1
2.15955032465542,5.69020636573442,0.988433458522865,0.99380123393951,0.993787918940336,1
2.20138834250442,5.69020242536313,0.988021116941773,0.993579075507631,0.993565267935913,1
2.24403690860393,5.69019840082152,0.98760114044204,0.993352719832493,0.993338409277252,1
2.28751172609908,5.69019429017253,0.987173394477018,0.993122089685402,0.993107265500307,1
2.33182880235966,5.69019009142959,0.986737742389742,0.992887106496173,0.992871757793684,1
2.37700445487404,5.69018580255518,0.986294045389953,0.992647690332893,0.992631805978242,1
2.42305531725718,5.69018142145936,0.985842162531277,0.992403759881502,0.992387328486503,1
2.46999834537517,5.69017694599827,0.985381950688615,0.9921552324252,0.992138242341887,1
2.51785082358833,5.69017237397252,0.984913264535734,0.991902023823665,0.991884463137746,1
2.5666303711153,5.6901677031256,0.984435956523107,0.991644048492111,0.991625905016247,1
2.61635494852039,5.69016293114219,0.983949876856017,0.991381219380169,0.991362480647055,1
2.66704286432665,5.69015805564642,0.983454873472959,0.991113447950617,0.991094101205868,1
2.71871278175705,5.69015307420013,0.982950792024359,0.990840644157937,0.990820676352778,1
2.77138372560626,5.69014798430096,0.982437475851645,0.990562716426736,0.990542114210474,1
2.82507508924551,5.69014278338049,0.981914765966695,0.990279571630013,0.990258321342301,1
2.87980664176327,5.69013746880227,0.981382501031706,0.989991115067286,0.98996920273016,1
2.93559853524414,5.69013203785974,0.980840517339492,0.989697250442593,0.989674661752285,1
2.99247131218887,5.69012648777421,0.980288648794275,0.989397879842359,0.989374600160872,1
3.05044591307804,5.69012081569261,0.979726726892972,0.989092903713157,0.98906891805959,1
3.10954368408235,5.69011501868529,0.979154580707044,0.988782220839343,0.988757513880978,1
3.16978638492223,5.69010909374369,0.978572036864918,0.988465728320613,0.988440284363728,1
3.23119619687975,5.69010303777796,0.977978919535042,0.988143321549443,0.988117124529866,1
3.29379573096574,5.69009684761447,0.977375050409595,0.987814894188464,0.987787927661851,1
3.35760803624512,5.69009051999323,0.976760248688905,0.987480338147764,0.987452585279585,1
3.42265660832356,5.69008405156529,0.976134331066618,0.987139543562116,0.987110987117355,1
3.48896539799851,5.69007743888999,0.975497111715647,0.98679239876817,0.986763021100716,1
3.55655882007785,5.6900706784321,0.974848402274969,0.986438790281598,0.986408573323324,1
3.6254617623694,5.69006376655895,0.974188011837294,0.986078602774215,0.986047528023732,1
3.69569959484458,5.69005669953738,0.973515746937675,0.985711719051088,0.98567976756217,1
3.7672981789796,5.6900494735306,0.972831411543091,0.985338020027639,0.985305172397297,1
3.8402838772776,5.69004208459499,0.972134807043066,0.984957384706775,0.984923621062976,1
3.91468356297532,5.69003452867674,0.971425732241371,0.984569690156031,0.984534990145055,1
3.99052462993776,5.69002680160842,0.970703983348866,0.984174811484771,0.984139154258183,1
4.06783500274458,5.69001889910534,0.969969353977538,0.983772621821442,0.983735986022674,1
4.14664314697191,5.69001081676193,0.969221635135786,0.983362992290915,0.98332535604144,1
4.22697807967329,5.69000255004787,0.968460615225023,0.982945791991903,0.982907132877002,1
4.30886938006377,5.68999409430413,0.967686080037648,0.982520887974521,0.982481183028605,1
4.39234720041087,5.6899854447389,0.96689781275645,0.982088145217953,0.982047370909451,1
4.47744227713668,5.68997659642334,0.966095593955511,0.981647426608291,0.981605558824066,1
4.5641859421349,5.68996754428719,0.965279201602673,0.981198592916538,0.981155606945842,1
4.65261013430725,5.68995828311424,0.964448411063627,0.980741502776806,0.980697373294735,1
4.74274741132331,5.68993206918591,0.963602992738798,0.980278091362024,0.980230713715193,1
4.83463096160821,5.6899221803616,0.962742721493683,0.979804078914014,0.979755481854285,1
4.92829461656256,5.68991206219174,0.96186736261202,0.979321373319701,0.979271529140102,1
5.02377286301916,5.68990170875891,0.960976681126868,0.978829824459773,0.978778704760413,1
5.12110085594095,5.68989111397352,0.960070439516511,0.978329279972894,0.978276855641631,1
5.22031443136507,5.68988027156832,0.959148397719838,0.977819585235582,0.977765826428111,1
5.32145011959762,5.68986917509256,0.958210313153843,0.977300583342473,0.97724545946179,1
5.42454515866406,5.68985781790605,0.957255940733368,0.976772115086979,0.976715594762217,1
5.52963750802022,5.68984619317296,0.956285032893126,0.976234018942392,0.976176070007,1
5.63676586252891,5.68983429385545,0.955297339612135,0.975686131043436,0.975626720512689,1
5.74596966670733,5.68982211270707,0.954292608440593,0.975128285168332,0.975067379216136,1
5.85728912925047,5.6898096422658,0.953270584529332,0.974560312721392,0.974497876656373,1
5.97076523783592,5.68979687484707,0.952231010661893,0.973982042716165,0.973918040957019,1
6.08643977421544,5.68978380253636,0.951173627289335,0.973393301759208,0.973327697809272,1
6.204355329599,5.68977041718155,0.950098172567865,0.972793914034479,0.972726670455519,1
6.32455532033676,5.68975671038513,0.949004382399363,0.972183701288413,0.972114779673586,1
6.44708400390493,5.68974267349597,0.947891990474909,0.971562482815714,0.971491843761688,1
6.57198649520131,5.68972829760089,0.946760728321403,0.970930075445911,0.970857678524108,1
6.69930878315655,5.6897135735159,0.945610325351353,0.970286293530706,0.970212097257643,1
6.8290977476672,5.6897319098941,0.94444050910557,0.969626828463779,0.969554910738863,1
6.96140117685682,5.68971646074829,0.943251004756439,0.968959732463187,0.968885927212233,1
7.09626778467151,5.68970063414356,0.942041535691537,0.968280690029787,0.968204952379134,1
7.23374722881632,5.68968441971881,0.94081182343061,0.967589505495777,0.967511789387824,1
7.37389012903915,5.68966780679343,0.939561587678981,0.966885980665862,0.966806238824407,1
7.51674808576888,5.68965078435656,0.938290546398389,0.96616991481034,0.966088098704838,1
7.66237369911457,5.68963334105584,0.936998415881696,0.965441104659349,0.965357164468019,1
7.81082058823276,5.68961546518584,0.935684910831515,0.964699344398271,0.96461322897005,1
7.96214341106994,5.68959714467603,0.934349744442873,0.963944425664389,0.963856082479663,1
8.1163978844876,5.68957836707832,0.932992628490007,0.963176137544824,0.963085512674922,1
8.27364080477702,5.6895591195542,0.931613273417372,0.962394266575826,0.962301304641219,1
8.43393006857165,5.68953938886135,0.930211388434968,0.961598596743467,0.961503240870634,1
8.59732469416455,5.68951916133973,0.928786681618064,0.960788909485799,0.960691101262721,1
8.76388484323887,5.68949842289737,0.92733886001143,0.95996498369653,0.959864663126766,1
8.93367184301926,5.68947715899532,0.925867629738134,0.959126595730307,0.959023701185593,1
9.1067482088525,5.68945535463239,0.92437269611303,0.958273519409624,0.958167987580964,1
9.28317766722556,5.68943299432909,0.922853763760985,0.957405526033452,0.957297291880648,1
9.46302517922961,5.68941006211105,0.921310536739958,0.956522384387667,0.956411381087217,1
9.64635696447862,5.68938654149196,0.919742718668987,0.955623860757295,0.955510019648639,1
9.83324052549129,5.6893624154557,0.918150012861183,0.954709718940695,0.954592969470725,1
10.0237446725454,5.68933766643791,0.916532122461792,0.953779720265721,0.953659989931516,1
10.2179395490139,5.68931227630691,0.914888750591395,0.952833623607937,0.952710837897658,1
10.4158966571909,5.68928622634389,0.913219600494323,0.951871185410964,0.951745267742847,1
10.6176888846198,5.68925949722231,0.911524375692351,0.950892159709028,0.95076303136842,1
10.8233905309293,5.68923206898671,0.909802780143714,0.949896298151783,0.949763878226149,1
11.0330773351912,5.68920392103056,0.908054518407515,0.948883350031485,0.948747555343327,1
11.246826503807,5.6891750320734,0.906279295813578,0.947853062312597,0.947713807350213,1
11.4647167389354,5.68914538013712,0.90447681863777,0.946805179663898,0.946662376509907,1
11.6868282674704,5.68911494252139,0.902646794282849,0.945739444493173,0.945593002750745,1
11.9132428705802,5.68908369577807,0.900788931464871,0.944655596984581,0.944505423701278,1
12.1440439138198,5.68905161568486,0.898902940405158,0.943553375138742,0.94339937472792,1
12.3793163778252,5.68901867721785,0.896988533027883,0.942432514815675,0.942274588975338,1
12.6191468896039,5.68898485452302,0.895045423163248,0.941292749780632,0.941130797409674,1
12.8636237544302,5.68895012088683,0.89307332675629,0.940133811752919,0.939967728864666,1
13.1128369883596,5.68891444870563,0.891071962081277,0.938955430457795,0.938785110090757,1
13.3668783513723,5.68887780945392,0.889041049961724,0.937757333681528,0.937582665807273,1
13.6258413811592,5.68884017365144,0.886980313995961,0.936539247329692,0.936360118757741,1
13.8898214275624,5.68880151082914,0.884889480788267,0.935300895488782,0.935117189768444,1
14.1589156876828,5.68876178949371,0.882768280185493,0.934042000491249,0.933853597810287,1
14.4332232416678,5.68872097709095,0.880616445519142,0.932762282984028,0.932569060064047,1
14.7128450891928,5.68867903996768,0.878433713852851,0.931461462000631,0.931263291989107,1
14.9978841866491,5.68863594333226,0.876219826235178,0.930139255036931,0.929936007395736,1
15.288445485052,5.68859165121364,0.873974527957641,0.928795378130664,0.928586918521014,1
15.5846359686839,5.6885461264189,0.871697568817887,0.927429545944788,0.927215736108473,1
15.8865646944856,5.68849933048916,0.869388703387902,0.926041471854747,0.925822169491523,1
16.1943428322112,5.68845122365385,0.867047691287135,0.92463086803973,0.924405926680773,1
16.5080837053604,5.68840176478334,0.864674297460395,0.923197445578027,0.922966714455295,1
16.8279028329039,5.68835091133966,0.862268292460394,0.92174091454653,0.921504238457922,1
17.1539179718179,5.68829861932551,0.859829452734759,0.920260984124495,0.920018203294658,1
17.4862491604415,5.68824484323124,0.85735756091734,0.918757362701611,0.918508312638274,1
17.8250187626749,5.68818953597995,0.854852406123639,0.917229757990481,0.91697426933615,1
18.1703515130337,5.68813264887042,0.852313784250137,0.915677877143578,0.915415775522464,1
18.5223745625759,5.68807413151795,0.849741498277326,0.914101426874748,0.913832532734764,1
18.8812175257185,5.68801393179297,0.84713535857618,0.912500113585346,0.912224242035021,1
19.2470125279618,5.6879519957573,0.844495183217854,0.910873643495061,0.910590604135208,1
19.6198942545375,5.68788826759805,0.841820798286313,0.909221722777506,0.908931319527478,1
20,5.68782268955895,0.839112038193631,0.907544057700649,0.907246088619004,1
20.3874697187775,5.68775520186917,0.836368745997663,0.905840354772121,0.905534611871529,1
20.7824460767034,5.68768574266939,0.833590773721768,0.904110320889497,0.903796589945693,1
21.1850745035458,5.68761424793504,0.83077798267626,0.902353663495576,0.902031723850182,1
21.5955032465542,5.6875406513967,0.827930243781252,0.900570090738738,0.900239715095752,1
22.0138834250442,5.68746488445741,0.825047437890517,0.898759311638414,0.898420265854163,1
22.4403690860393,5.68738687610684,0.822129456116003,0.89692103625573,0.896573079122077,1
22.8751172609908,5.68730655283224,0.819176200152601,0.89505497586935,0.894697858889955,1
23.3182880235966,5.68722383852592,0.81618758260277,0.893160843156581,0.892794310315971,1
23.7700445487404,5.68713865438925,0.813163527300584,0.891238352379753,0.890862139904993,1
24.2305531725718,5.68705091883293,0.810103969634763,0.889287219577921,0.888901055692632,1
24.6999834537517,5.68696054737351,0.807008856870254,0.887307162763908,0.886910767434403,1
25.1785082358834,5.6868674525259,0.803878148467864,0.885297902126706,0.884890986799977,1
25.666303711153,5.68677154369172,0.800711816401497,0.883259160239264,0.882841427572572,1
26.1635494852039,5.6866727270434,0.79750984547247,0.881190662271654,0.880761805853442,1
26.6704286432665,5.68657090540381,0.794272233620418,0.879092136209641,0.878651840271497,1
27.1871278175705,5.68646597812122,0.790998992230269,0.87696331307864,0.876511252198013,1
27.7138372560626,5.68635784093944,0.787690146434743,0.874803927173055,0.874339765966441,1
28.2507508924551,5.68624638586288,0.784345735411849,0.872613716290992,0.872137109097267,1
28.7980664176327,5.68613150101649,0.780965812676819,0.870392421974326,0.869903012527904,1
29.3559853524414,5.68601307050012,0.777550446367911,0.868139789754076,0.86763721084758,1
29.9247131218887,5.68589097423731,0.774099719525536,0.865855569401085,0.865339442537165,1
30.5044591307804,5.6857650878181,0.770613730364097,0.863539515181934,0.863009450213894,1
31.0954368408235,5.68565486988494,0.767092592734522,0.861189182057503,0.86064698088091,1
31.6978638492223,5.68550142421707,0.763536435387144,0.858810946262002,0.858251786181574,1
32.3119619687975,5.68536337504598,0.759945404203584,0.856397964948732,0.855823622658441,1
32.9379573096574,5.68522099138027,0.756319660448296,0.85395221709198,0.853362252016834,1
33.5760803624512,5.68507412456107,0.752659381987929,0.851473483455476,0.850867441392905,1
34.2265660832356,5.68492262051471,0.748964763308666,0.848961550941017,0.848338963626078,1
34.8896539799851,5.68476631954688,0.745236015720695,0.846416212879267,0.845776597535762,1
35.5655882007785,5.68460505612845,0.741473367550685,0.843837269325165,0.843180128202199,1
36.254617623694,5.68443865867287,0.737677064321688,0.84122452735784,0.840549347251322,1
36.9569959484458,5.68426694930463,0.733847368919895,0.838577801384894,0.837884053143458,1
37.672981789796,5.6840897436184,0.729984561747662,0.835896913450917,0.835184051465736,1
38.4028387727761,5.68390685042858,0.726088940862263,0.833181693550089,0.832449155228015,1
39.1468356297532,5.68371807150869,0.722160822099813,0.830431979942712,0.829679185162161,1
39.9052462993776,5.6835232013202,0.718200539183835,0.827647619475496,0.82687397002448,1
40.6783500274458,5.68332202673042,0.714208443817947,0.824828467905431,0.824033346901096,1
41.4664314697191,5.68311432671889,0.710184905762166,0.821974390227052,0.821157161516064,1
42.2697807967329,5.68289987207168,0.706130312892357,0.819085261002886,0.818245268541993,1
43.0886938006377,5.68267842506331,0.702045071242345,0.816160964696891,0.815297531912932,1
43.9234720041087,5.68244973912545,0.697929605028276,0.813201396010642,0.812313825139262,1
44.7744227713668,5.682213558502,0.693784356654786,0.81020646022205,0.809294031624347,1
45.641859421349,5.68196961788979,0.689609786702603,0.80717607352635,0.806238044982636,1
46.5261013430725,5.68171726092015,0.685406373881598,0.804110203595002,0.803145769358957,1
47.4274741132331,5.6814546463305,0.68117461494681,0.801008952534877,0.800017119748662,1
48.3463096160821,5.68118344645675,0.67691502482752,0.797872062841284,0.796852022318334,1
49.2829461656256,5.68090335784085,0.672628136309057,0.794699497401747,0.793650414726702,1
50.2377286301916,5.68061406565978,0.668314500000311,0.791491231735569,0.790412246445427,1
51.2110085594095,5.68031524327554,0.6639746842033,0.788247254342456,0.787137479079393,1
52.2031443136508,5.6800065517658,0.659609274762281,0.784967567051388,0.783826086686126,1
53.2145011959762,5.67968763943448,0.655218874892309,0.781652185369392,0.780478056093954,1
54.2454515866406,5.67935814130103,0.650804104987127,0.778301138829865,0.7770933872185,1
55.2963750802022,5.67901767856767,0.646365602406366,0.774914471340082,0.773672093377088,1
56.3676586252891,5.67866585806321,0.641904021242042,0.771492241527509,0.770214201600629,1
57.4596966670733,5.67830227166248,0.637420032064382,0.768034523084536,0.766719752942532,1
58.5728912925047,5.67793063608426,0.63291432188938,0.764540990790185,0.76318880278418,1
59.7076523783592,5.67753809023725,0.628387592672099,0.761012992455589,0.759621421136495,1
60.8643977421545,5.67713659859997,0.623840563414179,0.757449406051232,0.756017692937084,1
62.04355329599,5.67672154648796,0.619273967405301,0.753850783251436,0.75237771834247,1
63.2455532033676,5.67629244135163,0.614688553079333,0.750217278159745,0.748701613014875,1
64.4708400390493,5.67584877161643,0.610085083397192,0.746549061956246,0.744989508403022,1
65.7198649520131,5.67539000589229,0.60546433545286,0.74284632321921,0.741241552016391,1
66.9930878315655,5.67491559214649,0.60082710006066,0.739109268241551,0.737457907692384,1
68.2909774766721,5.6744249568379,0.59617418132424,0.735338121341632,0.733638755855783,1
69.6140117685682,5.67391750401064,0.591506396187741,0.731533125167859,0.729784293769939,1
70.9626778467151,5.67339539280824,0.586824573767754,0.72769427819177,0.725894735779059,1
72.3374722881632,5.67284366099561,0.58212955626964,0.723823211329713,0.721970313540985,1
73.7389012903915,5.672273509367,0.577422195396526,0.71991909453537,0.718011276249816,1
75.1674808576888,5.67168426522964,0.572703354709933,0.715982244931993,0.714017890847745,1
76.6237369911457,5.67107522929767,0.567973908110007,0.712012999362402,0.709990442225433,1
78.1082058823276,5.67044567453732,0.563234739291996,0.708011714646411,0.70592923341028,1
79.6214341106995,5.6697948449547,0.558486741189584,0.703978767828245,0.701834585741885,1
81.163978844876,5.66912195432313,0.553730815405907,0.699914556413347,0.697706839034047,1
82.7364080477702,5.66842618484626,0.548967871633089,0.695819498593976,0.693546351722583,1
84.3393006857165,5.66770668575314,0.544198827061196,0.691694033462972,0.689353500998291,1
85.9732469416455,5.66696257182116,0.539424605777517,0.687538621215086,0.685128682924345,1
87.6388484323887,5.66619292182245,0.534646138157117,0.683353743335218,0.680872312537424,1
89.3367184301926,5.66539653970021,0.529864360241219,0.679139923328211,0.67658482393187,1
91.067482088525,5.66456566850314,0.525080213008198,0.674898266082754,0.672266670326172,1
92.8317766722556,5.66370664929622,0.520294642181291,0.670628673703275,0.66791832411107,1
94.6302517922961,5.66281842111019,0.515508597134648,0.6663317132823,0.663540276878602,1
96.4635696447861,5.66189987880648,0.510723030366349,0.662007973933146,0.659133039431382,1
98.3324052549129,5.66094987099932,0.505938896857691,0.657658066887924,0.65469714177145,1
100.237446725454,5.65996719786291,0.501157153431055,0.653282625578095,0.650233133068022,1
102.179395490138,5.65895060881579,0.496378758107405,0.64888230569694,0.645741581603488,1
104.158966571909,5.65789880007468,0.491604669464514,0.644457785243328,0.641223074697028,1
106.176888846198,5.65680676692612,0.486835846143886,0.640010055427637,0.63667821860524,1
108.233905309293,5.65566285035586,0.482073246301403,0.63554063890791,0.632107638399183,1
110.330773351912,5.65448066379948,0.477317825984661,0.631049066652192,0.627511977817285,1
112.46826503807,5.6532587208511,0.472570539908138,0.626536104097218,0.622891899093589,1
114.647167389354,5.65199546988902,0.467832340096001,0.622002538958893,0.618248082760841,1
116.868282674704,5.6506892907774,0.463104175270673,0.617449181154374,0.613581227427958,1
119.132428705802,5.64933849136795,0.458386990250028,0.612876862701674,0.608892049531487,1
121.440439138198,5.64793083372049,0.453681725257342,0.608287211315575,0.604181283060664,1
123.793163778252,5.64647396211312,0.448989315857259,0.603680382292859,0.599449679255767,1
126.191468896039,5.6449678890276,0.444310691893994,0.59905713014208,0.594698006279507,1
128.636237544302,5.64341063569373,0.439646776894353,0.594418373285805,0.589927048861237,1
131.128369883596,5.64180013217943,0.434998487549626,0.589765051436859,0.585137607913851,1
133.668783513723,5.64012291798827,0.430366733501927,0.585098909838923,0.580330500123272,1
136.258413811592,5.63837328926487,0.425752416483366,0.580421134722125,0.575506557510547,1
138.898214275624,5.63656595510692,0.42115642976822,0.575731532273225,0.570666626966573,1
141.589156876828,5.63469851775167,0.416579658100542,0.571031125009586,0.565811569759629,1
144.332232416678,5.63276735070442,0.412022976667882,0.566321028587301,0.560942261015893,1
147.128450891928,5.63075491066599,0.407487250691847,0.561603268177922,0.556059589173259,1
149.978841866491,5.62867605288602,0.402973335665811,0.556877754533276,0.55116445540882,1
152.88445485052,5.62652793410134,0.398482076086494,0.552145588513477,0.546257773040489,1
155.846359686839,5.62430206076059,0.394014305257107,0.547408230769648,0.5413404669033,1
158.865646944856,5.62197068544665,0.389570845474177,0.542668304674551,0.536413472701024,1
161.943428322112,5.61956425866057,0.385152506750901,0.537924851633572,0.531477736333839,1
165.080837053604,5.61707943498322,0.380760087382377,0.533179046771249,0.526534213202863,1
168.279028329039,5.61449372001759,0.3763943726692,0.528433184500962,0.521583867492449,1
171.539179718179,5.6118211228064,0.372056135610405,0.523687405168749,0.51662767143126,1
174.862491604415,5.60906140173244,0.367746135745421,0.518942722577863,0.511666604533179,1
178.250187626749,5.60617405789437,0.36346511950665,0.514202390784117,0.50670165281925,1
181.703515130337,5.60318645654207,0.359213819554221,0.509465843539455,0.501733808021891,1
185.223745625759,5.60010008834661,0.354992955086881,0.504734017215972,0.496764066772714,1
188.812175257185,5.59689167194776,0.35080323091259,0.500009166522485,0.49179342977537,1
192.470125279618,5.5935822274675,0.346645338084828,0.49529119957657,0.486822900964918,1
196.198942545376,5.59013097155939,0.342519953025893,0.490583234210989,0.481853486655247,1
200,5.58655390882516,0.338427737909085,0.485885442645173,0.476886194676205,1
